<?xml version="1.0" encoding="utf-8"?>
<!--/277697/1136241/2.50/4/4/Integrated Circuit/-->
<quadcept_library>
  <setting unit="mil" />
  <textstyle name="Default" height="47.244094488189" strokewidth="7.8740157480315" charwidth="47.244094488189" />
  <textstyle name="Dimension" height="19.6850393700787" strokewidth="0" charwidth="19.6850393700787" />
  <textstyle name="H127W0635TH00762" height="50" strokewidth="3" charwidth="25" />
  <textstyle name="H15W15TH02" height="59.0551181102362" strokewidth="7.8740157480315" charwidth="59.0551181102362" />
  <padstyle name="r130_55" surface="True" plated="False" isvia="False" nopaste="False" nomask="True" complex="False" holesize="0">
    <padshape layer="TOP" shape="rectangle" width="21.653543307086" height="51.181102362204" />
    <padshape layer="TOP_SOLDER_MASK" shape="rectangle" width="29.527559055118" height="59.055118110235" />
    <padshape layer="TOP_SOLDER_PASTE" shape="rectangle" width="21.653543307086" height="51.181102362204" />
  </padstyle>
  <padstyle name="r147.5_80" surface="True" plated="False" isvia="False" nopaste="False" nomask="True" complex="False" holesize="0">
    <padshape layer="TOP" shape="rectangle" width="31.496062992126" height="58.070866141732" />
    <padshape layer="TOP_SOLDER_MASK" shape="rectangle" width="39.370078740157" height="65.944881889763" />
    <padshape layer="TOP_SOLDER_PASTE" shape="rectangle" width="31.496062992126" height="58.070866141732" />
  </padstyle>
  <padstyle name="r312.5_185" surface="True" plated="False" isvia="False" nopaste="False" nomask="True" complex="False" holesize="0">
    <padshape layer="TOP" shape="rectangle" width="72.83464566929" height="123.03149606299" />
    <padshape layer="TOP_SOLDER_MASK" shape="rectangle" width="80.708661417322" height="130.90551181102" />
    <padshape layer="TOP_SOLDER_PASTE" shape="rectangle" width="72.83464566929" height="123.03149606299" />
  </padstyle>
  <footprint name="AZ1117CR33TRG1" originx="0" originy="0" pickpointx="0" pickpointy="0">
    <pcbpin number="1" name="1" style="r130_55" originx="-59.055118110235" originy="-111.73228346457" rotation="0" />
    <pcbpin number="2" name="2" style="r147.5_80" originx="0" originy="-108.26771653543" rotation="0" />
    <pcbpin number="3" name="3" style="r130_55" originx="59.055118110235" originy="-111.73228346457" rotation="0" />
    <pcbpin number="4" name="4" style="r312.5_185" originx="0" originy="-17.716535433071" rotation="0" />
    <line layer="TOP_ASSEMBLY" originx="-88.582677165353" originy="0" endx="88.582677165353" endy="0" width="7.8740157480314" />
    <line layer="TOP_ASSEMBLY" originx="88.582677165353" originy="0" endx="88.582677165353" endy="-96.456692913385" width="7.8740157480314" />
    <line layer="TOP_ASSEMBLY" originx="88.582677165353" originy="-96.456692913385" endx="-88.582677165353" endy="-96.456692913385" width="7.8740157480314" />
    <line layer="TOP_ASSEMBLY" originx="-88.582677165353" originy="-96.456692913385" endx="-88.582677165353" endy="0" width="7.8740157480314" />
    <line layer="TOP_PLACE_BOUND" originx="-127.95275590551" originy="83.149606299212" endx="127.95275590551" endy="83.149606299212" width="3.9370078740157" />
    <line layer="TOP_PLACE_BOUND" originx="127.95275590551" originy="83.149606299212" endx="127.95275590551" endy="-192.91338582677" width="3.9370078740157" />
    <line layer="TOP_PLACE_BOUND" originx="127.95275590551" originy="-192.91338582677" endx="-127.95275590551" endy="-192.91338582677" width="3.9370078740157" />
    <line layer="TOP_PLACE_BOUND" originx="-127.95275590551" originy="-192.91338582677" endx="-127.95275590551" endy="83.149606299212" width="3.9370078740157" />
    <line layer="TOP_SILKSCREEN" originx="-59.055118110235" originy="0" endx="-88.582677165353" endy="0" width="3.9370078740157" />
    <line layer="TOP_SILKSCREEN" originx="-88.582677165353" originy="0" endx="-88.582677165353" endy="-96.456692913385" width="3.9370078740157" />
    <line layer="TOP_SILKSCREEN" originx="59.055118110235" originy="0" endx="88.582677165353" endy="0" width="3.9370078740157" />
    <line layer="TOP_SILKSCREEN" originx="88.582677165353" originy="0" endx="88.582677165353" endy="-96.456692913385" width="3.9370078740157" />
    <line layer="TOP_SILKSCREEN" originx="-62.992125984251" originy="-149.6062992126" endx="-62.992125984251" endy="-149.6062992126" width="7.8740157480314" />
    <arc layer="TOP_SILKSCREEN" originx="-59.055118110236" originy="-149.6062992126" startangle="180.0" sweepangle="180.0" radius="3.9370078740157" width="7.8740157480314" />
    <line layer="TOP_SILKSCREEN" originx="-55.11811023622" originy="-149.6062992126" endx="-55.11811023622" endy="-149.6062992126" width="7.8740157480314" />
    <arc layer="TOP_SILKSCREEN" originx="-59.055118110236" originy="-149.6062992126" startangle=".0" sweepangle="180.0" radius="3.9370078740157" width="7.8740157480314" />
  </footprint>
  <symbol name="AZ1117CR-3.3TRG1" originx="0" originy="0">
    <line originx="200" originy="100" endx="1100" endy="100" width="0" />
    <line originx="1100" originy="-200" endx="1100" endy="100" width="0" />
    <line originx="1100" originy="-200" endx="200" endy="-200" width="0" />
    <line originx="200" originy="100" endx="200" endy="-200" width="0" />
    <sympin number="1" originx="200" originy="0" rotation="180" length="100" width="7.8740157480315" flipped="False">
      <text name="pinname" originx="230" originy="0" style="Default" rotation="0" justify="left" flipped="False" hidden="False" data="ADJ/GND" />
      <text name="pindes" originx="140" originy="20" style="Default" rotation="0" justify="lowerright" flipped="False" hidden="False" data="1" />
    </sympin>
    <sympin number="2" originx="200" originy="-100" rotation="180" length="100" width="7.8740157480315" flipped="False">
      <text name="pinname" originx="230" originy="-100" style="Default" rotation="0" justify="left" flipped="False" hidden="False" data="OUTPUT" />
      <text name="pindes" originx="140" originy="-80" style="Default" rotation="0" justify="lowerright" flipped="False" hidden="False" data="2" />
    </sympin>
    <sympin number="3" originx="1100" originy="0" rotation="0" length="100" width="7.8740157480315" flipped="False">
      <text name="pinname" originx="1070" originy="0" style="Default" rotation="0" justify="right" flipped="False" hidden="False" data="INPUT" />
      <text name="pindes" originx="1160" originy="20" style="Default" rotation="0" justify="lowerleft" flipped="False" hidden="False" data="3" />
    </sympin>
    <sympin number="4" originx="1100" originy="-100" rotation="0" length="100" width="7.8740157480315" flipped="False">
      <text name="pinname" originx="1070" originy="-100" style="Default" rotation="0" justify="right" flipped="False" hidden="False" data="VOUT" />
      <text name="pindes" originx="1160" originy="-80" style="Default" rotation="0" justify="lowerleft" flipped="False" hidden="False" data="4" />
    </sympin>
  </symbol>
  <component name="AZ1117CR-3.3TRG1" designatorprefix="IC" height="78.740157480314" footprint="AZ1117CR33TRG1">
    <comppin designator="1" sympin="1" pinswap="0" gateswap="0" gate="1" group="1" side="" type="Any" name="ADJ/GND" />
    <comppin designator="2" sympin="2" pinswap="0" gateswap="0" gate="1" group="1" side="" type="Any" name="OUTPUT" />
    <comppin designator="3" sympin="3" pinswap="0" gateswap="0" gate="1" group="1" side="" type="Any" name="INPUT" />
    <comppin designator="4" sympin="4" pinswap="0" gateswap="0" gate="1" group="1" side="" type="Any" name="VOUT" />
    <attached_symbol gate="1" name="AZ1117CR-3.3TRG1" />
    <pinmap designator="1" footprintpin="1" />
    <pinmap designator="2" footprintpin="2" />
    <pinmap designator="3" footprintpin="3" />
    <pinmap designator="4" footprintpin="4" />
    <text name="Datasheet" originx="0" originy="0" style="Default" rotation="0" justify="" flipped="False" hidden="True" data="https://www.diodes.com/assets/Datasheets/AZ1117C.pdf" />
    <text name="Description" originx="0" originy="0" style="Default" rotation="0" justify="" flipped="False" hidden="True" data="DiodesZetex AZ1117CR-3.3TRG1, LDO Regulator, 800mA, 3.3 V, +/-1%, maximum of 15 Vin 3-Pin, SOT-89" />
    <text name="Mouser Part Number" originx="0" originy="0" style="Default" rotation="0" justify="" flipped="False" hidden="True" data="621-AZ1117CR-3.3TRG1" />
    <text name="Mouser Price/Stock" originx="0" originy="0" style="Default" rotation="0" justify="" flipped="False" hidden="True" data="https://www.mouser.co.uk/ProductDetail/Diodes-Incorporated/AZ1117CR-3.3TRG1?qs=FKu9oBikfSlEg7waHw2tMw%3D%3D" />
    <text name="Manufacturer_Name" originx="0" originy="0" style="Default" rotation="0" justify="" flipped="False" hidden="True" data="Diodes Inc." />
    <text name="Manufacturer_Part_Number" originx="1150" originy="200" style="Default" rotation="0" justify="left" flipped="False" hidden="False" data="AZ1117CR-3.3TRG1" />
  </component>
</quadcept_library>
