<?xml version="1.0" encoding="utf-8"?>
<!--/820823/1136241/2.50/3/4/Connector/-->
<quadcept_library>
  <setting unit="mil" />
  <textstyle name="Default" height="47.244094488189" strokewidth="7.8740157480315" charwidth="47.244094488189" />
  <textstyle name="Dimension" height="19.6850393700787" strokewidth="0" charwidth="19.6850393700787" />
  <textstyle name="H127W0635TH00762" height="50" strokewidth="3" charwidth="25" />
  <textstyle name="H15W15TH02" height="59.0551181102362" strokewidth="7.8740157480315" charwidth="59.0551181102362" />
  <padstyle name="c300_h190" surface="False" plated="True" isvia="False" nopaste="True" nomask="True" complex="False" holesize="74.803149606298">
    <padshape layer="TOP" shape="round" width="118.11023622047" height="118.11023622047" />
    <padshape layer="TOP_SOLDER_MASK" shape="round" width="125.9842519685" height="125.9842519685" />
    <padshape layer="INNER" shape="round" width="118.11023622047" height="118.11023622047" />
    <padshape layer="BOTTOM" shape="round" width="118.11023622047" height="118.11023622047" />
    <padshape layer="BOTTOM_SOLDER_MASK" shape="round" width="125.9842519685" height="125.9842519685" />
  </padstyle>
  <footprint name="PJ-102AH" originx="0" originy="0" pickpointx="0" pickpointy="0">
    <pcbpin number="1" name="1" style="c300_h190" originx="169.29133858268" originy="-118.11023622047" rotation="90" />
    <pcbpin number="2" name="2" style="c300_h190" originx="169.29133858268" originy="118.11023622047" rotation="90" />
    <pcbpin number="3" name="3" style="c300_h190" originx="-15.748031496063" originy="0" rotation="90" />
    <line layer="TOP_ASSEMBLY" originx="354.33070866141" originy="421.25984251968" endx="0" endy="421.25984251968" width="7.8740157480314" />
    <line layer="TOP_ASSEMBLY" originx="0" originy="421.25984251968" endx="0" endy="-145.66929133858" width="7.8740157480314" />
    <line layer="TOP_ASSEMBLY" originx="0" originy="-145.66929133858" endx="354.33070866141" endy="-145.66929133858" width="7.8740157480314" />
    <line layer="TOP_ASSEMBLY" originx="354.33070866141" originy="-145.66929133858" endx="354.33070866141" endy="421.25984251968" width="7.8740157480314" />
    <arc layer="TOP_SILKSCREEN" originx="167.75590551181" originy="-198.85826771653" startangle="180" sweepangle="180" radius="4.6791338582677" width="7.8740157480314" />
    <arc layer="TOP_SILKSCREEN" originx="167.75590551181" originy="-198.85826771653" startangle="180" sweepangle="-180" radius="4.6791338582677" width="7.8740157480314" />
    <line layer="TOP_SILKSCREEN" originx="354.33070866141" originy="-145.66929133858" endx="354.33070866141" endy="421.25984251968" width="7.8740157480314" />
    <line layer="TOP_SILKSCREEN" originx="354.33070866141" originy="421.25984251968" endx="0" endy="421.25984251968" width="7.8740157480314" />
    <line layer="TOP_SILKSCREEN" originx="0" originy="421.25984251968" endx="0" endy="137.79527559055" width="7.8740157480314" />
  </footprint>
  <symbol name="PJ-102AH" originx="0" originy="0">
    <line originx="200" originy="100" endx="600" endy="100" width="0" />
    <line originx="600" originy="-200" endx="600" endy="100" width="0" />
    <line originx="600" originy="-200" endx="200" endy="-200" width="0" />
    <line originx="200" originy="100" endx="200" endy="-200" width="0" />
    <sympin number="1" originx="600" originy="-100" rotation="0" length="100" width="7.8740157480315" flipped="False">
      <text name="pinname" originx="570" originy="-100" style="Default" rotation="0" justify="right" flipped="False" hidden="False" data="1" />
      <text name="pindes" originx="660" originy="-80" style="Default" rotation="0" justify="lowerleft" flipped="False" hidden="False" data="1" />
    </sympin>
    <sympin number="2" originx="600" originy="0" rotation="0" length="100" width="7.8740157480315" flipped="False">
      <text name="pinname" originx="570" originy="0" style="Default" rotation="0" justify="right" flipped="False" hidden="False" data="2" />
      <text name="pindes" originx="660" originy="20" style="Default" rotation="0" justify="lowerleft" flipped="False" hidden="False" data="2" />
    </sympin>
    <sympin number="3" originx="200" originy="0" rotation="180" length="100" width="7.8740157480315" flipped="False">
      <text name="pinname" originx="230" originy="0" style="Default" rotation="0" justify="left" flipped="False" hidden="False" data="3" />
      <text name="pindes" originx="140" originy="20" style="Default" rotation="0" justify="lowerright" flipped="False" hidden="False" data="3" />
    </sympin>
  </symbol>
  <component name="PJ-102AH" designatorprefix="J" height="0" footprint="PJ-102AH">
    <comppin designator="1" sympin="1" pinswap="0" gateswap="0" gate="1" group="1" side="" type="Any" name="1" />
    <comppin designator="2" sympin="2" pinswap="0" gateswap="0" gate="1" group="1" side="" type="Any" name="2" />
    <comppin designator="3" sympin="3" pinswap="0" gateswap="0" gate="1" group="1" side="" type="Any" name="3" />
    <attached_symbol gate="1" name="PJ-102AH" />
    <pinmap designator="1" footprintpin="1" />
    <pinmap designator="2" footprintpin="2" />
    <pinmap designator="3" footprintpin="3" />
    <text name="Datasheet" originx="0" originy="0" style="Default" rotation="0" justify="" flipped="False" hidden="True" data="http://www.cui.com/product/resource/digikeypdf/pj-102ah.pdf" />
    <text name="Description" originx="0" originy="0" style="Default" rotation="0" justify="" flipped="False" hidden="True" data="DC POWER JACK" />
    <text name="Mouser Part Number" originx="0" originy="0" style="Default" rotation="0" justify="" flipped="False" hidden="True" data="490-PJ-102AH" />
    <text name="Mouser Price/Stock" originx="0" originy="0" style="Default" rotation="0" justify="" flipped="False" hidden="True" data="https://www.mouser.co.uk/ProductDetail/CUI-Devices/PJ-102AH?qs=WyjlAZoYn50Yq4CrVLCXLw%3D%3D" />
    <text name="Manufacturer_Name" originx="0" originy="0" style="Default" rotation="0" justify="" flipped="False" hidden="True" data="CUI Devices" />
    <text name="Manufacturer_Part_Number" originx="650" originy="200" style="Default" rotation="0" justify="left" flipped="False" hidden="False" data="PJ-102AH" />
  </component>
</quadcept_library>
