<?xml version="1.0" encoding="utf-8"?>
<!--/380584/1136241/2.50/8/4/Integrated Circuit/-->
<quadcept_library>
  <setting unit="mil" />
  <textstyle name="Default" height="47.244094488189" strokewidth="7.8740157480315" charwidth="47.244094488189" />
  <textstyle name="Dimension" height="19.6850393700787" strokewidth="0" charwidth="19.6850393700787" />
  <textstyle name="H127W0635TH00762" height="50" strokewidth="3" charwidth="25" />
  <textstyle name="H15W15TH02" height="59.0551181102362" strokewidth="7.8740157480315" charwidth="59.0551181102362" />
  <padstyle name="r110_45" surface="True" plated="False" isvia="False" nopaste="False" nomask="True" complex="False" holesize="0">
    <padshape layer="TOP" shape="rectangle" width="17.716535433071" height="43.307086614173" />
    <padshape layer="TOP_SOLDER_MASK" shape="rectangle" width="25.590551181102" height="51.181102362204" />
    <padshape layer="TOP_SOLDER_PASTE" shape="rectangle" width="17.716535433071" height="43.307086614173" />
  </padstyle>
  <footprint name="SOP65P400X130-8N" originx="0" originy="0" pickpointx="0" pickpointy="0">
    <pcbpin number="1" name="1" style="r110_45" originx="-76.771653543306" originy="38.385826771653" rotation="90" />
    <pcbpin number="2" name="2" style="r110_45" originx="-76.771653543306" originy="12.795275590551" rotation="90" />
    <pcbpin number="3" name="3" style="r110_45" originx="-76.771653543306" originy="-12.795275590551" rotation="90" />
    <pcbpin number="4" name="4" style="r110_45" originx="-76.771653543306" originy="-38.385826771653" rotation="90" />
    <pcbpin number="5" name="5" style="r110_45" originx="76.771653543306" originy="-38.385826771653" rotation="90" />
    <pcbpin number="6" name="6" style="r110_45" originx="76.771653543306" originy="-12.795275590551" rotation="90" />
    <pcbpin number="7" name="7" style="r110_45" originx="76.771653543306" originy="12.795275590551" rotation="90" />
    <pcbpin number="8" name="8" style="r110_45" originx="76.771653543306" originy="38.385826771653" rotation="90" />
    <line layer="TOP_PLACE_BOUND" originx="-108.26771653543" originy="71.850393700787" endx="108.26771653543" endy="71.850393700787" width="1.9685039370079" />
    <line layer="TOP_PLACE_BOUND" originx="108.26771653543" originy="71.850393700787" endx="108.26771653543" endy="-71.850393700787" width="1.9685039370079" />
    <line layer="TOP_PLACE_BOUND" originx="108.26771653543" originy="-71.850393700787" endx="-108.26771653543" endy="-71.850393700787" width="1.9685039370079" />
    <line layer="TOP_PLACE_BOUND" originx="-108.26771653543" originy="-71.850393700787" endx="-108.26771653543" endy="71.850393700787" width="1.9685039370079" />
    <line layer="TOP_ASSEMBLY" originx="-55.11811023622" originy="58.070866141732" endx="55.11811023622" endy="58.070866141732" width="3.9370078740157" />
    <line layer="TOP_ASSEMBLY" originx="55.11811023622" originy="58.070866141732" endx="55.11811023622" endy="-58.070866141732" width="3.9370078740157" />
    <line layer="TOP_ASSEMBLY" originx="55.11811023622" originy="-58.070866141732" endx="-55.11811023622" endy="-58.070866141732" width="3.9370078740157" />
    <line layer="TOP_ASSEMBLY" originx="-55.11811023622" originy="-58.070866141732" endx="-55.11811023622" endy="58.070866141732" width="3.9370078740157" />
    <line layer="TOP_ASSEMBLY" originx="-55.11811023622" originy="32.48031496063" endx="-29.527559055118" endy="58.070866141732" width="3.9370078740157" />
    <line layer="TOP_SILKSCREEN" originx="-41.338582677165" originy="58.070866141732" endx="41.338582677165" endy="58.070866141732" width="7.8740157480314" />
    <line layer="TOP_SILKSCREEN" originx="41.338582677165" originy="58.070866141732" endx="41.338582677165" endy="-58.070866141732" width="7.8740157480314" />
    <line layer="TOP_SILKSCREEN" originx="41.338582677165" originy="-58.070866141732" endx="-41.338582677165" endy="-58.070866141732" width="7.8740157480314" />
    <line layer="TOP_SILKSCREEN" originx="-41.338582677165" originy="-58.070866141732" endx="-41.338582677165" endy="58.070866141732" width="7.8740157480314" />
    <line layer="TOP_SILKSCREEN" originx="-98.425196850392" originy="61.023622047243" endx="-55.11811023622" endy="61.023622047243" width="7.8740157480314" />
  </footprint>
  <symbol name="TXS0102DCTR" originx="0" originy="0">
    <line originx="200" originy="100" endx="900" endy="100" width="0" />
    <line originx="900" originy="-400" endx="900" endy="100" width="0" />
    <line originx="900" originy="-400" endx="200" endy="-400" width="0" />
    <line originx="200" originy="100" endx="200" endy="-400" width="0" />
    <sympin number="1" originx="200" originy="0" rotation="180" length="100" width="7.8740157480315" flipped="False">
      <text name="pinname" originx="230" originy="0" style="Default" rotation="0" justify="left" flipped="False" hidden="False" data="B2" />
      <text name="pindes" originx="140" originy="20" style="Default" rotation="0" justify="lowerright" flipped="False" hidden="False" data="1" />
    </sympin>
    <sympin number="2" originx="200" originy="-100" rotation="180" length="100" width="7.8740157480315" flipped="False">
      <text name="pinname" originx="230" originy="-100" style="Default" rotation="0" justify="left" flipped="False" hidden="False" data="GND" />
      <text name="pindes" originx="140" originy="-80" style="Default" rotation="0" justify="lowerright" flipped="False" hidden="False" data="2" />
    </sympin>
    <sympin number="3" originx="200" originy="-200" rotation="180" length="100" width="7.8740157480315" flipped="False">
      <text name="pinname" originx="230" originy="-200" style="Default" rotation="0" justify="left" flipped="False" hidden="False" data="VCCA" />
      <text name="pindes" originx="140" originy="-180" style="Default" rotation="0" justify="lowerright" flipped="False" hidden="False" data="3" />
    </sympin>
    <sympin number="4" originx="200" originy="-300" rotation="180" length="100" width="7.8740157480315" flipped="False">
      <text name="pinname" originx="230" originy="-300" style="Default" rotation="0" justify="left" flipped="False" hidden="False" data="A2" />
      <text name="pindes" originx="140" originy="-280" style="Default" rotation="0" justify="lowerright" flipped="False" hidden="False" data="4" />
    </sympin>
    <sympin number="8" originx="900" originy="0" rotation="0" length="100" width="7.8740157480315" flipped="False">
      <text name="pinname" originx="870" originy="0" style="Default" rotation="0" justify="right" flipped="False" hidden="False" data="B1" />
      <text name="pindes" originx="960" originy="20" style="Default" rotation="0" justify="lowerleft" flipped="False" hidden="False" data="8" />
    </sympin>
    <sympin number="7" originx="900" originy="-100" rotation="0" length="100" width="7.8740157480315" flipped="False">
      <text name="pinname" originx="870" originy="-100" style="Default" rotation="0" justify="right" flipped="False" hidden="False" data="VCCB" />
      <text name="pindes" originx="960" originy="-80" style="Default" rotation="0" justify="lowerleft" flipped="False" hidden="False" data="7" />
    </sympin>
    <sympin number="6" originx="900" originy="-200" rotation="0" length="100" width="7.8740157480315" flipped="False">
      <text name="pinname" originx="870" originy="-200" style="Default" rotation="0" justify="right" flipped="False" hidden="False" data="OE" />
      <text name="pindes" originx="960" originy="-180" style="Default" rotation="0" justify="lowerleft" flipped="False" hidden="False" data="6" />
    </sympin>
    <sympin number="5" originx="900" originy="-300" rotation="0" length="100" width="7.8740157480315" flipped="False">
      <text name="pinname" originx="870" originy="-300" style="Default" rotation="0" justify="right" flipped="False" hidden="False" data="A1" />
      <text name="pindes" originx="960" originy="-280" style="Default" rotation="0" justify="lowerleft" flipped="False" hidden="False" data="5" />
    </sympin>
  </symbol>
  <component name="TXS0102DCTR" designatorprefix="IC" height="51.181102362204" footprint="SOP65P400X130-8N">
    <comppin designator="1" sympin="1" pinswap="0" gateswap="0" gate="1" group="1" side="" type="Bi-Directional" name="B2" />
    <comppin designator="2" sympin="2" pinswap="0" gateswap="0" gate="1" group="1" side="" type="Ground" name="GND" />
    <comppin designator="3" sympin="3" pinswap="0" gateswap="0" gate="1" group="1" side="" type="Power" name="VCCA" />
    <comppin designator="4" sympin="4" pinswap="0" gateswap="0" gate="1" group="1" side="" type="Bi-Directional" name="A2" />
    <comppin designator="5" sympin="5" pinswap="0" gateswap="0" gate="1" group="1" side="" type="Bi-Directional" name="A1" />
    <comppin designator="6" sympin="6" pinswap="0" gateswap="0" gate="1" group="1" side="" type="Input" name="OE" />
    <comppin designator="7" sympin="7" pinswap="0" gateswap="0" gate="1" group="1" side="" type="Power" name="VCCB" />
    <comppin designator="8" sympin="8" pinswap="0" gateswap="0" gate="1" group="1" side="" type="Bi-Directional" name="B1" />
    <attached_symbol gate="1" name="TXS0102DCTR" />
    <pinmap designator="1" footprintpin="1" />
    <pinmap designator="2" footprintpin="2" />
    <pinmap designator="3" footprintpin="3" />
    <pinmap designator="4" footprintpin="4" />
    <pinmap designator="5" footprintpin="5" />
    <pinmap designator="6" footprintpin="6" />
    <pinmap designator="7" footprintpin="7" />
    <pinmap designator="8" footprintpin="8" />
    <text name="Datasheet" originx="0" originy="0" style="Default" rotation="0" justify="" flipped="False" hidden="True" data="http://www.ti.com/lit/gpn/txs0102" />
    <text name="Description" originx="0" originy="0" style="Default" rotation="0" justify="" flipped="False" hidden="True" data="2-Bit Bidirectional Voltage-Level Shifter for Open-Drain and Push-Pull Application" />
    <text name="Mouser Part Number" originx="0" originy="0" style="Default" rotation="0" justify="" flipped="False" hidden="True" data="595-TXS0102DCTR" />
    <text name="Mouser Price/Stock" originx="0" originy="0" style="Default" rotation="0" justify="" flipped="False" hidden="True" data="https://www.mouser.co.uk/ProductDetail/Texas-Instruments/TXS0102DCTR?qs=BWabSxB1G9cell1mrpKPvA%3D%3D" />
    <text name="Manufacturer_Name" originx="0" originy="0" style="Default" rotation="0" justify="" flipped="False" hidden="True" data="Texas Instruments" />
    <text name="Manufacturer_Part_Number" originx="950" originy="200" style="Default" rotation="0" justify="left" flipped="False" hidden="False" data="TXS0102DCTR" />
  </component>
</quadcept_library>
